titulo,empresa,ubicacion,modalidad,fecha
Vendedor Mayorista Panamá (Multimarca),"ARGELIA INTERNACIONAL, S.A.","Panamá, Panamá",Presencial,Publicado hace 3 horas
Promotor Quirúrgico,People & Talents,"Panamá, Panamá",Presencial,Publicado hace 3 horas
Conserje de PH,Confidencial,"Ciudad De Panama, Panamá",Presencial,Publicado hace 3 horas
0021 - Analista Jr. de contabilidad,Trade Alliance Corporation,"Ciudad De Panama, Panamá",Presencial,Publicado hace 4 horas
"AYUDANTE GENERAL Y DE COCINA - TURNOS ROTATIVOS [UBICACIÓN: CHILIBRE, ALTOS DE AGUA BENDITA]",RESTAURANTE LOS ÁNGELES,"Chilibre, Panamá",Presencial,Publicado hace 4 horas
GERENTES DE TIENDA,Confidencial,"Panamá, Panamá",Presencial,Publicado hace 4 horas
ASISTENTE CONTABLE,Confidencial,"Panamá, Panamá",Presencial,Publicado hace 4 horas
ASESOR DE VENTA (CIUDAD DE PANAMÁ),Confidencial,"Ciudad De Panama, Panamá",Presencial,Publicado hace 4 horas
Auxiliar de limpieza (femenino),Confidencial,"Colón, Colón",Presencial,Publicado hace 5 horas
Ejecutivo comercial-verificador,Confidencial,"La Chorrera, Panamá Oeste",Presencial,Publicado hace 6 horas
Ayudante General,Confidencial,"Juan Díaz, Panamá",Presencial,Publicado hace 6 horas
Montacarguista-Ayudante,Confidencial,"Juan Díaz, Panamá",Presencial,Publicado hace 6 horas
Bartender,Confidencial,"Ciudad De Panama, Panamá",Presencial,Publicado hace 6 horas
Promotor(a) de Ventas – Cobertura de Vacaciones - Sector Automotriz,Importante Empresa,"Las Mañanitas, Panamá",Presencial,Publicado hace 6 horas
Property Manager,Direcciona RH,"Ciudad De Panama, Panamá",Remoto,Publicado hace 6 horas
SUPERVISOR DE VENTAS CANAL TRADICIONAL,GRUPO MELO,"Juan Díaz, Panamá",Presencial,Publicado hace 6 horas
Almacenista,Confidencial,"Panamá, Panamá",Presencial,Publicado hace 6 horas
Ejecutivo de ventas (distribución),Confidencial,"Panama City, Panamá",Presencial,Publicado hace 6 horas
PROMOTOR DE CAMPAÑA,Grand Decameron Trademark Collection All-inclusive,"Ciudad De Panama, Panamá",Presencial,Publicado hace 6 horas
ASESOR DE EQUIPO PESADO PARA PROVINCIAS CENTRALES,Confidencial,"Aguadulce, Coclé",Presencial,Publicado hace 7 horas
Comprador Internacional - Sector Industrial,"Temsa, SA","Buena Vista, Colón",Presencial,Publicado hace 7 horas
SUPERVISOR DE ALIMENTOS Y BEBIDAS,PANAMA OUTSOURCING,"Tocume  Panama, Panamá",Presencial,Publicado hace 7 horas
TÉCNICO ELETROMECÁNICO,PANAMA OUTSOURCING,"Tocume  Panama, Panamá",Presencial,Publicado hace 7 horas
COORDINADOR DE RECIBO Y BODEGA / TORTÍ,Supermercados Xtra,"Torti, Panamá",Presencial,Publicado hace 7 horas
SEGURIDAD - PANAMA OESTE / COSTA VERDE.,Confidencial,"La Chorrera, Panamá Oeste",Presencial,Publicado hace 7 horas
Representante de ventas,RA Stones,"Ciudad De Panama, Panamá",Presencial,Publicado hace 12 horas
Maestro de Obra / Líder de Construcción,Confidencial,"Bastimentos, Bocas del Toro",Presencial,Actualizado hace 36 minutos
ASESOR DE VENTAS CALLE,METROCOM,"San Miguelito, Panamá",Presencial,Publicado ayer
Commercial Account Executive SMB North America,ARKA SERVICIOS DE RECURSOS HUMANOS,"Panamá, Panamá",Remoto,Publicado ayer
JEFA DE CAJA/COLÒN,Confidencial,"Colón, Colón",Presencial,Actualizado hace 3 horas
Visitador Médico,AGENCIAS CELMAR,"Parque Lefevre, Panamá",Presencial,Publicado ayer
Auxiliar de Mantenimiento,Distribuidora David Ford Company,"Ciudad De Panama, Panamá",Presencial,Publicado ayer
Ejecutivo de Cuentas - Trademarketing,Confidencial,"Ciudad De Panama, Panamá",Presencial,Publicado hace 2 días
Supervisor de zona de Operaciones Comida Rápida Panamá y Chorrera,Domino's Pizza,"Ciudad De Panama, Panamá",Presencial,Actualizado hace 6 horas
Bilingual Call Center Agent,Alorica,"Panama City, Panamá",Presencial,Publicado hace 2 días
Subgerente de Restaurante Comida Rápida Coronado,Domino's Pizza,"Chame, Panamá Oeste",Presencial,Publicado hace 2 días
Ingeniero de Proyectos y Servicios Ciberseguridad ((Fortinet y Aruba),PanaJobs,"Ciudad De Panama, Panamá",Presencial,Actualizado hace 8 horas
Asesor(a) de Ventas Por Teléfono - Orientado(a) a Resultados y Metas,Manpower Panamá,"Panama City, Panamá",Presencial,Publicado hace 2 días
Analista de Soporte de Aplicaciones,Confidencial,"Juan Díaz, Panamá",Presencial,Publicado hace 2 días
Vendedor Entregador – Canal Tradicional,GRUPO DIT,"Tocumen., Panamá",Presencial,Publicado hace 2 días
Bilingual Customer Service/Collections Agent,"Panama Outsource Solutions, S.A.","Panamá, Panamá",Presencial,Actualizado hace 5 horas
Analista de Tesorería,ARKA SERVICIOS DE RECURSOS HUMANOS,"Ciudad De Panama, Panamá",Presencial,Publicado hace 2 días
Asesor de ventas de Pinturas - Chitré - Las Tablas - Santiago,GRUPO DIT,"Chitré, Herrera",Presencial,Publicado hace 2 días
Asistente de Capacitación y Logística de Eventos,Manpower Panamá,"Panama City, Panamá",Presencial,Actualizado hace 4 horas
Inspector Técnico de Proyectos Estructurales,Tresesenta,"Penonomé, Coclé",Presencial,Actualizado hace 6 horas
Supervisor de Postventa,Konzerta Selecta,"Ciudad De Panama, Panamá",Presencial,Publicado hace 3 días
Analista de Datos (Big Data),Konzerta Selecta,"Ciudad De Panama, Panamá",Presencial,Publicado hace 3 días
Ingeniero Eléctrico,GRUPO N3 SA,"Panamá, Panamá",Presencial,Publicado hace 3 días
Creador/a de Contenido,CONFIDENCIAL,"Bethania, Panamá",Presencial,Actualizado hace 7 horas
Asistente Administrativa,Pro Colores,"24 De Diciembre, Panamá",Presencial,Actualizado hace 7 horas
Supervisor de Proyectos de Producción y Análisis de Mercado,Confidencial,"Tocume  Panama, Panamá",Presencial,Publicado hace 4 días
Asistente de HHRR (Bilingüe),Confidencial,"Tocume  Panama, Panamá",Presencial,Publicado hace 4 días
Encargada / Sub Gerente de Ventas,Konzerta Selecta,"Colón, Colón",Presencial,Publicado hace 4 días
Especialista en Marketing Digital,Pro Colores,"24 De Diciembre, Panamá",Presencial,Publicado hace 4 días
Operador de Caldera,CORPEISA,"Chepo, Panamá",Presencial,Actualizado hace 7 horas
Analista de Datos,Distribuidora David Ford Company,"Ciudad De Panama, Panamá",Presencial,Publicado hace 4 días
Recepcionista / Front Desk,Distribuidora David Ford Company,"Ciudad De Panama, Panamá",Presencial,Publicado hace 4 días
SUPERVISOR MERCADERISTA CANAL MODERNO,TACTICAS PANAMA,"Panamá, Panamá",Presencial,Actualizado hace 5 horas
ASISTENTE CONTABLE - ADMINISTRATIVO,Confidencial,"Ciudad De Panama, Panamá",Presencial,Publicado hace 4 días
CAJERA /O SANTIAGO,Confidencial,"Santiago, Veraguas",Presencial,Actualizado hace 5 horas
AYUDANTE GENERAL / DEPENDIENTE DE TIENDA,Confidencial,"Ciudad De Panama, Panamá",Presencial,Actualizado hace 2 días
Cocinero,Confidencial,"Ciudad De Panama, Panamá",Presencial,Actualizado hace 2 días
Auxiliar de Técnico en Fumigación,fumisa,"Panama City, Panamá",Presencial,Publicado hace 4 días
Gerente de Sucursal Colón,Banesco Panamá,"Colón, Colón",Presencial,Publicado hace 4 días
Coordinador de distribución,Confidencial,"Ciudad De Panama, Panamá",Presencial,Publicado hace 5 días
Encargado de Almacen,Cinépolis,"Panamá, Panamá",Presencial,Actualizado ayer
Analista de Operaciones Contables (Temporal 6 meses),Banistmo,"Ciudad De Panama, Panamá",Apto discapacidad,Actualizado hace 3 horas
ASESOR DE VENTAS,"MUEBLES JAMAR PANAMA, S.A.","Ciudad De Panama, Panamá",Presencial,Publicado hace 5 días
Líder de Admisiones y Marketing,Search Latinoamérica,"Panamá, Panamá",Presencial,Actualizado hace 3 horas
Analista de compras y almacén,SERVIENTREGA PANAMA,"Betania, Panamá",Presencial,Actualizado hace 8 horas
Estudiante en Práctica - Soporte Técnico IT,PwC Panamá,"Panamá, Panamá",Presencial,Publicado hace 5 días
Técnico de Calidad,"MUEBLES JAMAR PANAMA, S.A.","Ciudad De Panama, Panamá",Presencial,Publicado hace 5 días
Auxiliar de Cartera,ITALCOL SCA,"Capira, Panamá Oeste",Presencial,Actualizado hace 7 horas
Asistente Legal (Migración),Confidencial,"Panamá, Panamá",Presencial,Publicado hace 5 días
Analista de Calidad,"ARGELIA INTERNACIONAL, S.A.","Panamá, Panamá",Apto discapacidad,Publicado hace 5 días
TÉCNICO EN FARMACIA,FARMACIAS ARROCHA,"Panamá, Panamá",Presencial,Actualizado hace 1 hora
Customer Services Inglés Avanzado Ciudad de Panamá,Manpower Panamá,"Ciudad De Panama, Panamá",Presencial,Publicado hace 5 días
DESARROLLADOR WEB,"ARGELIA INTERNACIONAL, S.A.","Panamá, Panamá",Presencial,Publicado hace 5 días
Bartender,CLUB UNION,"Paitilla, Panamá",Presencial,Actualizado hace 5 horas
SUBGERENTE- PATRIMONIAL,Banco General,"Ciudad De Panama, Panamá",Presencial,Publicado hace 5 días
Atención al Cliente en Idioma Francés Nivel Avanzado,Manpower Panamá,"Ciudad De Panama, Panamá",Presencial,Publicado hace 5 días
Pasante,Firma de abogados,"Ciudad De Panama, Panamá",Presencial,Actualizado hace 4 horas
vendedor de tecnologia,Uptech Panama,"Betania, Panamá",Presencial,Actualizado hace 4 días
Analista Junior de Contingencia y Recuperación Tecnológica (DRP),SYSAVANZA,"Ciudad De Panama, Panamá",Apto discapacidad,Actualizado hace 2 días
Asesor Comercial para Los Andes mall,Maquila Internacional de Confección,"San Miguelito, Panamá",Presencial,Actualizado ayer
Supervisor Quimico,Global Smart Products,"Ciudad De Panama, Panamá",Presencial,Publicado hace 5 días
"Asesor Comercial - Innovación, Robótica y Drones",RIGSA,"Juan Díaz, Panamá",Presencial,Actualizado hace 7 horas
Agente Comercial - Sector Salud (Provincias Centrales y David),LA CASA DEL MEDICO / HORACIO ICAZA  Y CIA S.A.,"David, Chiriquí",Presencial,Publicado hace 5 días
Mecánico de Mantenimiento Industrial,Confidencial,"Ciudad De Panama, Panamá",Presencial,Actualizado hace 6 horas
Almacenista,GRUPO UNO,"David, Chiriquí",Presencial,Publicado hace 5 días
JEFE DE TALLER,Confidencial,"Ancón, Panamá",Presencial,Actualizado hace 5 horas
Recepcionista/Secretaria Bilingüe,Cleaner Company,"Panamá, Panamá",Presencial,Publicado hace 5 días
ENCARGADO DE TIENDA,Confidencial,"Ancón, Panamá",Presencial,Actualizado hace 3 días
ANALISTA CONTABLE,Confidencial,"Río Abajo, Panamá",Presencial,Publicado hace 5 días
"ANALISTA Y CONSULTORES PRUEBAS DE CALIDAD Jr, Sr y Lider",Infosgroup,"Ciudad De Panama, Panamá",Presencial,Publicado hace 5 días
Ejecutiva Comercial (Ventas),Confidencial,"Bethania, Panamá",Presencial,Publicado hace 5 días
COORDINADOR CONTABLE CON CPA,Droguería Saro,"Panama City, Panamá",Presencial,Publicado hace 5 días
ANALISTA SOC NIVEL 1,Confidencial,"Panamá, Panamá",Presencial,Publicado hace 5 días
Profesionales en Asesoría Financiera,ELITTE CORPORATION FIRST INSURANCE LIFE,"Juan Díaz, Panamá",Presencial,Actualizado hace 4 horas
Analista SOC Nivel 2,Confidencial,"Panamá, Panamá",Presencial,Publicado hace 5 días
CONTROL DE INVENTARIO - SENIOR,Confidencial,"David, Chiriquí",Presencial,Actualizado hace 4 días
Salonero,Confidencial,"Ciudad De Panama, Panamá",Presencial,Actualizado hace 2 días
Asistente de Mercadeo (Temporal),Inversiones TB Comercial (Panamá) S.A.,"Betania, Panamá",Presencial,Actualizado hace 4 horas
Líder Comercial-Chiriquí,Confidencial,"David, Chiriquí",Presencial,Publicado hace 5 días
Supervisor de Gobierno de Datos,Confidencial,"Juan Díaz, Panamá",Presencial,Publicado hace 5 días
Ejecutivo de Ventas inmobiliarias - Panamá,Grupo Oti Panama,"Ciudad De Panama, Panamá",Presencial,Publicado hace 5 días
Contador Sr (Contrato definido),ESCARH de Panamá,"Chanis Calle Principal., Panamá",Apto discapacidad,Publicado hace 5 días
COSMETOLOGA - c,"C.G De Haseth y Cía, S.A.","Santiago, Veraguas",Presencial,Actualizado hace 1 hora
Chofer Montacarguista y Ayudante de Bodega,SOLUCIONES PARA IMPRESION S.A.,"Panamá, Panamá",Presencial,Publicado hace 5 días
Chofer / Ayudante General,J & P Logistics Company,"Las Mañanitas, Panamá",Presencial,Publicado hace 5 días
Auditor Interno,Universidad Especializada de las Américas,"Ancón, Panamá",Presencial,Publicado hace 5 días
"Asesor Comercial , Vendedor de Dispositivos Médicos en sector Publico y Privado",DISPOMED,"Panamá, Panamá",Presencial,Publicado hace 5 días
Auxiliar de Bodega y Mensajero,VIDASOL,"Ciudad De Panama, Panamá",Presencial,Publicado hace 5 días
"Técnico en Sistemas, redes y CCTV",SHOPPYTEC,"San Miguelito, Panamá",Presencial,Publicado hace 5 días
Gerente de Presupuesto y costo,Confidencial,"Panamá, Panamá",Presencial,Actualizado hace 6 horas
Diseñador/a Gráfico/a con Habilidades de Producción,B CREATIVE S.A.,"Panamá, Panamá",Presencial,Publicado hace 5 días
Analista de Nómina y Gestión Laboral,ARKA SERVICIOS DE RECURSOS HUMANOS,"Ciudad De Panama, Panamá",Presencial,Actualizado hace 6 horas
Jefe de Bodega,"SanJue Importaciones S,A","Ciudad De Panama, Panamá",Presencial,Actualizado hace 8 horas
Docente de Informática,JM COMPUTER,"Arraiján, Panamá Oeste",Presencial,Publicado hace 5 días
EJECUTIVO DE SERVICIO AL AFILIADO,Grand Decameron Trademark Collection All-inclusive,"Río Hato, Coclé",Presencial,Publicado hace 5 días
Coordinador de Importaciones - Logística,Confidencial,"Colón, Colón",Presencial,Publicado hace 5 días
GERENTE DE MARKETING,Confidencial,"Panamá, Panamá",Presencial,Publicado hace 5 días
Analista Comercial,El Machetazo,"Ciudad De Panama, Panamá",Presencial,Actualizado hace 9 horas
Negociador,Empresa Multinacional,"Panamá, Panamá",Presencial,Publicado hace 5 días
Practicante Logística - Tráfico,SAINT HONORE,"Colón, Colón",Presencial,Publicado hace 6 días
Gerente de cuentas claves (Consumo Masivo),Confidencial,"Ciudad De Panama, Panamá",Presencial,Actualizado hace 5 días
Brand Manager,SAINT HONORE,"Ciudad De Panama, Panamá",Presencial,Publicado hace 6 días
OPERADOR DE BODEGA(Ayudante General),Droguería Saro,"Panama City, Panamá",Presencial,Actualizado hace 5 horas
Asesor de Crédito Chorrera,MICROSERFIN / SOLUCIONES DE MICROFINANZAS S.A,"La Chorrera, Panamá Oeste",Presencial,Actualizado hace 5 días
Infraestructura TI,Confidencial,"Ciudad De Panama, Panamá",Híbrido,Actualizado hace 5 días
Asistente de Bodega,KOTOWA COFFEE HOUSE,"Ciudad De Panama, Panamá",Presencial,Actualizado hace 52 minutos
Conductor de Reparto (Licencia tipo F)- CIUDAD DE PANAMÁ,FEDURO,"Panama City, Panamá",Presencial,Actualizado hace 9 horas
Practicante de Mercadeo,FEDURO,"Panama City, Panamá",Presencial,Actualizado hace 9 horas
Mecánico,Distribuidora David Ford Company,"Ciudad De Panama, Panamá",Presencial,Publicado hace 6 días
EJECUTIVO DE VENTAS / CANAL HORECA,Confidencial,"Ciudad De Panama, Panamá",Presencial,Actualizado hace 5 días
Ejecutivo de Ventas de Lujo,Distribuidora David Ford Company,"Panamá, Panamá",Presencial,Publicado hace 6 días
Operador de MIXER (Camión revolvedor de Concreto) Las Mañanitas,Confidencial,"Las Mañanitas, Panamá",Presencial,Actualizado hace 5 días
Profesional de Ventas,SAGA SEGUROS,"Ciudad De Panama, Panamá",Presencial,Publicado hace 6 días
Analista de Ventas Financieras,Confidencial,"Ciudad De Panama, Panamá",Presencial,Publicado hace 6 días
Ingeniero de Plataforma TI,GLOBAL BANK,"Ciudad De Panama, Panamá",Híbrido,Publicado hace 6 días
OFICIAL DE CONTROL DE CALIDAD (AUTOS),Confidencial,"Ciudad De Panama, Panamá",Presencial,Publicado hace 6 días
EJECUTIVA DE VENTAS,MILLENIUM SECURITY SERVICE S.A,"Ciudad De Panama, Panamá",Presencial,Publicado hace 6 días
Enfermera - Vendedora,Manpower Panamá,"Panamá, Panamá",Presencial,Publicado hace 6 días
Vendedor,Manpower Panamá,"Ciudad De Panama, Panamá",Presencial,Publicado hace 6 días
Administrador de Tienda,Maquila Internacional de Confección,"San Miguelito, Panamá",Presencial,Actualizado hace 5 días
Contador/a,Maquila Internacional de Confección,"Ciudad De Panama, Panamá",Presencial,Actualizado hace 2 días
CAJERA,ROYAL CASINO,"Panamá, Panamá",Presencial,Publicado hace 6 días
Comunicadora Social o Publicista de Protocolo Responsabilidad Social,Manpower Panamá,"Panamá, Panamá",Presencial,Publicado hace 6 días
Ayudante General-Acarreo,Empresas Carbone S.A,"Panamá, Panamá",Presencial,Actualizado hace 5 horas
EJECUTIVO COMERCIAL UGE - BANISTMO,Banistmo,"Panama City, Panamá",Presencial,Publicado hace 6 días
Asesora de Atención al Cliente (Santiago),Optica Lopez,"Santiago, Veraguas",Presencial,Actualizado hace 3 horas
Soporte técnico,OIS,"Ciudad De Panama, Panamá",Presencial,Publicado hace 6 días
Vendedor de Equipos de Seguridad Personal,ARH Consultores,"Parque Lefevre, Panamá",Presencial,Publicado hace 6 días
TECNOLOGY TEACHER,OIS,"Ciudad De Panama, Panamá",Presencial,Publicado hace 6 días
Asesor de Salud,REPRICO S. A.,"Panama City, Panamá",Presencial,Actualizado hace 9 horas
ANALISTA DE PROCESOS Y PROYECTOS,Empresa de Seguros,"Ciudad De Panama, Panamá",Presencial,Publicado hace 6 días
SUPERVISOR DE VENTA,Confidencial,"Panamá, Panamá",Presencial,Publicado hace 6 días
Oficial de Riesgo de Crédito,Banco Nacional de Panamá,"Ciudad De Panama, Panamá",Apto discapacidad,Publicado hace 6 días
Oficial de Riesgo de Crédito,Banco Nacional de Panamá,"Ciudad De Panama, Panamá",Apto discapacidad,Publicado hace 6 días
Ejecutivo de Movilidad Web,Grupo Corporativo Perez,"Panamá, Panamá",Presencial,Actualizado hace 3 horas
AUXILIAR DE CAJA CONTABLE,Confidencial,"Ciudad De Panama, Panamá",Presencial,Actualizado hace 4 días
GERENTE DE ESTRATEGIA COBROS,Banistmo,"Ciudad De Panama, Panamá",Presencial,Publicado hace 6 días
Asesora de Ventas,Confidencial,"Panamá, Panamá",Presencial,Actualizado hace 1 hora
Asistente Logistico y trafico,Confidencial,"Panama City, Panamá",Presencial,Actualizado hace 1 hora
OFICIAL HABILITADOR DIGITAL,Banistmo,"Ciudad De Panama, Panamá",Híbrido,Publicado hace 6 días
Profesor de Ciencias Sociales,Confidencial,"Ancón, Panamá",Presencial,Actualizado hace 5 días
Agentes Comerciales - Chiriquí,Más Móvil,"Chiriqui, Chiriquí",Presencial,Publicado hace 6 días
DESARROLLADOR POS,BAC Credomatic,"Ciudad De Panama, Panamá",Presencial,Actualizado hace 5 días
Asistente de mantenimiento,"Gabysol, S. A.","Panamá, Panamá",Presencial,Publicado hace 6 días
Vendedor DTT (De Tienda en Tienda),J & P Logistics Company,"Las Mañanitas, Panamá",Presencial,Actualizado hace 6 horas
Analista de datos,Corporación BBT,"Ciudad De Panama, Panamá",Presencial,Publicado hace 6 días
COORDINADOR DE DISTRIBUCIÓN,Confidencial,"Panama City, Panamá",Presencial,Actualizado hace 2 horas
Ejecutivo de ventas (equipos de sonido audio partes),ARKA SERVICIOS DE RECURSOS HUMANOS,"Panama City, Panamá",Presencial,Actualizado hace 2 días
Analista de Control de Calidad,"Panameña de Helados, S.A.","Juan Díaz, Panamá",Presencial,Actualizado hace 7 horas
Asistente Contable,CINCUENTENARIO,"Ciudad De Panama, Panamá",Presencial,Publicado hace 7 días
Electromecánico,Confidencial,"Colón, Colón",Presencial,Actualizado hace 6 días
COORDINADOR DE VENTAS Y EVENTOS,Confidencial,"Panama City, Panamá",Presencial,Actualizado hace 6 días
Diseñador Gráfico,Confidencial,"Ciudad De Panama, Panamá",Presencial,Actualizado hace 5 días
Analista Junior SQL,Sterling Tax Consultants,"Panama City, Panamá",Presencial,Actualizado hace 9 horas
Tecnico en Electronica,Empresa,"Panamá, Panamá",Presencial,Publicado hace 7 días
Supervisor de Técnico de Refrigeración,Empresa,"Panamá, Panamá",Presencial,Publicado hace 7 días
Chofer,Empresa,"Paraíso, Panamá",Presencial,Actualizado hace 6 días
Agente Bilingüe de Atención al Cliente,Banesco Panamá,"Ciudad De Panama, Panamá",Presencial,Actualizado hace 6 días
Vendedor de Repuestos Calle - Sucursal Costa Verde,Petroautos / Hyundai,"La Chorrera, Panamá Oeste",Presencial,Actualizado hace 6 días
Coordinador de Compras (Productos Sanitarios),ARKA SERVICIOS DE RECURSOS HUMANOS,"Ciudad De Panama, Panamá",Presencial,Publicado hace 7 días
Coordinador de Operaciones,Confidencial,"Ciudad De Panama, Panamá",Presencial,Actualizado hace 3 horas
Ejecutivo de ventas de autos nuevos,Confidencial,"Ciudad De Panama, Panamá",Presencial,Actualizado hace 4 días
CAJERA /O,Confidencial,"Ciudad De Panama, Panamá",Presencial,Actualizado hace 4 días
"Analista de Tarjeta de Crédito, Parámetros, Átomo y Procesos Contables Operativos",Popular bank,"Ciudad De Panama, Panamá",Presencial,Actualizado hace 5 horas
Practicante de Marketplace - Costa del Este,Cerveceria Nacional,"Ciudad De Panama, Panamá",Presencial,Actualizado hace 2 horas
Soporte Técnico,Confidencial,"Panama City, Panamá",Presencial,Publicado hace 7 días
Electricista con idoneidad,Empresas Carbone S.A,"Panamá, Panamá",Presencial,Actualizado hace 7 horas
EJECUTIVO DE VENTAS INSTITUCIONAL,Droguería Saro,"Ciudad De Panama, Panamá",Presencial,Actualizado hace 6 horas
Ayudante de Mantenimiento General,Empresas Carbone S.A,"Panamá, Panamá",Presencial,Actualizado hace 7 horas
Analista de Operaciones Transferencia,CREDICORP BANK,"Panamá, Panamá",Presencial,Actualizado hace 5 días
Coordinador de Panificadora y Producción,Confidencial,"Chiriqui, Chiriquí",Presencial,Publicado hace 7 días
OFICINISTA UTILITY,Confidencial,"Bethania, Panamá",Apto discapacidad,Actualizado hace 6 días
Técnico de Taller,Ricardo Pérez,"Panamá, Panamá",Presencial,Actualizado hace 6 días
Secretaria Legal,FIRMA DE ABOGADOS,"Panama City, Panamá",Presencial,Actualizado hace 2 días
Saloneros,Grupo Athens,"Panamá, Panamá",Presencial,Publicado hace 7 días
Sub Gerente de Restaurante,Grupo Athens,"Panamá, Panamá",Presencial,Publicado hace 7 días
Auxiliar de Bodega,GRUPO DIT,"Panamá Pacífico, Panamá Oeste",Presencial,Actualizado hace 2 días
Oficial de Relación de Segmentos Agrocomercial con presencia en Provincias Centrales,Banesco Panamá,"Santiago, Veraguas",Presencial,Actualizado hace 6 días
Oficial de Ventas Externas Hipotecas,CREDICORP BANK,"Panamá, Panamá",Presencial,Actualizado hace 6 días
CONTROL DE INVENTARIO/ SANTIAGO,Confidencial,"Santiago, Veraguas",Presencial,Actualizado hace 5 horas
Programador,Confidencial,"Llano Bonito, Panamá",Presencial,Actualizado hace 6 días
Desarrollador e Integrador de Sistemas Empresariales,Confidencial,"Parque Lefevre, Panamá",Presencial,Actualizado hace 5 días
SUB GERENTE DE TIENDA CIUDAD DE PANAMA,Confidencial,"Ciudad De Panama, Panamá",Presencial,Actualizado hace 6 días
CONTADOR CPA (FONDOS DE INVERSIÓN),Confidencial,"Panama City, Panamá",Presencial,Actualizado hace 5 horas
ASISTENTE CONTABLE,Confidencial,"Ciudad De Panama, Panamá",Presencial,Actualizado hace 2 horas
Recepcionista administrativa (Seguros),ARKA SERVICIOS DE RECURSOS HUMANOS,"Ciudad De Panama, Panamá",Presencial,Publicado hace 7 días
Chapisteros (enderezador y pintor),Confidencial,"Ciudad De Panama, Panamá",Presencial,Actualizado hace 6 días
Practicante de la carrera de Ingeniería Industrial,CREDICORP BANK,"Panamá, Panamá",Presencial,Publicado hace 7 días
COMPRADORA SENIOR DE CALZADO,Confidencial,"Panamá, Panamá",Apto discapacidad,Publicado hace 7 días
Coordinación de Ventas - Chiriquí,Cerveceria Nacional,"Ciudad De Panama, Panamá",Presencial,Publicado hace 7 días
Especialista de Precios y Estrategia Comercial,"ARGELIA INTERNACIONAL, S.A.","Colón, Colón",Presencial,Actualizado hace 5 días
Operador/a de Planta de Tratamiento de Aguas Residuales (PTAR) - Definido,Empresa Panameña de Alimentos,"Juan Díaz, Panamá",Presencial,Actualizado hace 6 horas
COORDINADOR DE VENTAS COMERCIAL,Forever Experience Panama,"Ciudad De Panama, Panamá",Presencial,Actualizado hace 6 días
Bilingual Call Center Agent,Alorica,"Panamá, Panamá",Presencial,Publicado hace 7 días
OFICINISTA DE INVENTARIO,Confidencial,"24 De Diciembre, Panamá",Presencial,Publicado hace 7 días
PROMOCIÓN Y VENTAS,Confidencial,"Panamá, Panamá",Presencial,Publicado hace 7 días
Ingeniero de Infraestructura,GLOBAL BANK,"Ciudad De Panama, Panamá",Híbrido,Publicado hace 7 días
Talent Recruiter,Michael Page Internacional Panama S.A,"Panama City, Panamá",Híbrido,Actualizado ayer
EJECUTIVO DE VENTAS/Consumo Masivo,Confidencial,"Colón, Colón",Presencial,Publicado hace 7 días
Sr Talent Acquisition Partner,Michael Page Internacional Panama S.A,"Ciudad De Panama, Panamá",Híbrido,Actualizado ayer
Sub-Gerente de Tienda (Penonomé),Confidencial,"Penonomé, Coclé",Presencial,Publicado hace 7 días
Administrador de infraestructura,Smart Solutions Tech,"Panamá, Panamá",Híbrido,Actualizado hace 6 días
Agente de seguimiento logístico,Confidencial,"Ciudad De Panama, Panamá",Presencial,Publicado hace 7 días
Ingeniero Sr. de Plataforma TI,GLOBAL BANK,"Ciudad De Panama, Panamá",Presencial,Publicado hace 7 días
Asesor de Ventas Presenciales – Experiencia en Tecnología/telecom,Manpower Panamá,"Ciudad De Panama, Panamá",Presencial,Actualizado hace 2 días
SCIENCE TEACHER,OIS,"Ciudad De Panama, Panamá",Presencial,Publicado hace 7 días
Abordador Bilingue para empresa suplidora de Barcos,ASAP PANAMA SHIP SUPPLIER,"Ancón, Panamá",Presencial,Publicado hace 7 días
CHOFERES con licencia F/H,Confidencial,"Panama City, Panamá",Presencial,Actualizado hace 2 horas
ANALISTA DE COMPRAS,Confidencial,"Panama City, Panamá",Presencial,Publicado hace 7 días
Oficial de Finanzas y Rentabilidad,BCT BANK INTERNATIONAL,"Ciudad De Panama, Panamá",Presencial,Publicado hace 7 días
Contratación Técnico Eléctrico,CECOMRO,"Cuesta de Piedra, Chiriquí",Híbrido,Actualizado hace 6 días
Asistente de Contabilidad,Confidencial,"Panamá, Panamá",Presencial,Actualizado hace 6 días
Chofer de Camión Internacional,ASAP PANAMA SHIP SUPPLIER,"Cristóbal, Colón",Presencial,Publicado hace 7 días
Accounting Assistant,"Bank of China, Sucursal Panama","Panamá, Panamá",Presencial,Publicado hace 7 días
Asesor de Servicios (taller),Confidencial,"Panamá, Panamá",Presencial,Publicado hace 7 días
Compliance Analyst,"Bank of China, Sucursal Panama","Panamá, Panamá",Presencial,Publicado hace 7 días
Vendedor/a Proactivo/a y con Liderazgo,Consultor RH,"24 De Diciembre, Panamá",Presencial,Publicado hace 7 días
MANIPULADOR DE ALIMENTOS-PANAMA CENTRO,El Machetazo,"Panamá, Panamá",Presencial,Actualizado hace 1 hora
Supervisor de Alimentos y Bebidas,PANAMA OUTSOURCING,"Tocumen., Panamá",Presencial,Actualizado hace 7 horas
Agente de experiencia al cliente,Bern Hotels & Resorts Panamá,"Ciudad De Panama, Panamá",Presencial,Publicado hace 7 días
Supervisor de Atención al Cliente,Confidencial,"Panamá, Panamá",Presencial,Publicado hace 7 días
Gerente de Atención al Cliente,Confidencial,"Panamá, Panamá",Presencial,Publicado hace 7 días
CAJERO - CENTENARIO,Confidencial,"Ciudad De Panama, Panamá",Presencial,Publicado hace 7 días
Cajera,Empresas Carbone S.A,"Panamá, Panamá",Presencial,Publicado hace 7 días
Chófer-Vendedor-Repartidor,Confidencial,"Juan Díaz, Panamá",Presencial,Actualizado hace 7 horas
Supervisor de Ventas,Confidencial,"Juan Díaz, Panamá",Presencial,Publicado hace 7 días
Asistente Comercial - Ventas de Equipos de Filtración,ZYV Group,"Panama City, Panamá",Presencial,Actualizado hace 6 días
Bilingual Agent,Confidencial,"Ciudad De Panama, Panamá",Presencial,Publicado hace 7 días
Analista de control comercial,Grupo STT,"Ciudad De Panama, Panamá",Presencial,Actualizado hace 6 días
Asistente contable administrativa,Arneg Central America S.A,"Don Bosco, Panamá",Presencial,Actualizado hace 5 días
Mercaderista /Rebanadora,Distribuidora de Alimentos,"Ciudad De Panama, Panamá",Presencial,Actualizado hace 1 hora
Especialista de Soporte y Base de Datos Retail,AMERICAN SPORTWEAR S.A.,"Ciudad De Panama, Panamá",Presencial,Actualizado hace 5 días
Jefe de contabilidad,Confidencial,Veraguas,Presencial,Actualizado hace 1 hora
Coordinador de Revenue,Bern Hotels & Resorts Panamá,"Panama City, Panamá",Presencial,Publicado hace 7 días
Analista de Facturación,SERVIENTREGA PANAMA,"Ciudad De Panama, Panamá",Presencial,Actualizado hace 5 días
Diseñador Gráfico Junior,El Machetazo,"Ciudad De Panama, Panamá",Presencial,Actualizado hace 2 horas
Vicepresidente de Administración y Contabilidad,Konzerta Selecta,"Panamá, Panamá",Presencial,Actualizado hace 1 hora
Asesor de Ventas,YF Administration Services,"Ciudad De Panama, Panamá",Presencial,Publicado hace 8 días
Brand Manager -Insumos Médicos,Top brands,"Ciudad De Panama, Panamá",Presencial,Actualizado hace 6 días
Mecánico de Carros de Golf y Maquinaria de Campo,"Lucero Homes, Golf and Country Club","Boquete, Chiriquí",Presencial,Actualizado hace 8 minutos
Director comercial,Confidencial,"Ciudad De Panama, Panamá",Presencial,Publicado hace 8 días
Abogado(a),Confidencial,"Panamá, Panamá",Presencial,Actualizado hace 6 días
AYUDANTE GENERAL,Confidencial,"Ciudad De Panama, Panamá",Presencial,Publicado hace 8 días
Analista de Soluciones,CREDICORP BANK,"Panamá, Panamá",Presencial,Actualizado hace 7 días
MOTORIZADO,La Casa de las Baterias,"Boquete, Chiriquí",Presencial,Publicado hace 8 días
VENDEDOR CON EXPERIENCIA EN ARRENDADORAS O CONCESIONARIAS DE AUTOS,Confidencial,"Panamá, Panamá",Presencial,Publicado hace 8 días
MULTIFUNCIONAL - ATENCIÓN AL CLIENTE,F&F ESTUDIOS FOTOGRÁFICOS,"Paitilla, Panamá",Presencial,Actualizado hace 5 días
MENSAJERO MOTORIZADO,Confidencial,"Panamá, Panamá",Presencial,Actualizado hace 6 horas
Gerente de Ventas y Compras Nacionales e Internacionales (Bilingüe),Confidencial,"Ciudad De Panama, Panamá",Presencial,Publicado hace 8 días
Analista Programador,REPRICO S. A.,"Panama City, Panamá",Presencial,Actualizado hace 6 horas
AYUDANTE DE BODEGA Y CHOFER DE REPARTO,"MAFESA – Mayoreo Ferretero, S.A.","Juan Díaz, Panamá",Presencial,Publicado hace 8 días
Ejecutiva de Relación (teletrabajo),Talentum,"Panama City, Panamá",Remoto,Actualizado hace 2 horas
VENDEDOR RUTERO AL X MAYOR DE FERRETERIA PARA CIUDAD PANAMA CENTRO Y SAN MIGUELITO,"MAFESA – Mayoreo Ferretero, S.A.","San Miguelito, Panamá",Presencial,Publicado hace 8 días
Gerente Técnico,"Compañía Climatizadora, S.A.","Betania, Panamá",Presencial,Actualizado hace 4 días
Collections Representative - Call Center,Connect International,"Panamá, Panamá",Apto discapacidad,Actualizado hace 8 horas
Facturador,Empresa Multinacional,"Chilibre, Panamá",Presencial,Actualizado hace 7 días
Ejecutivo de Ventas,St. Georges Bank,"Ciudad De Panama, Panamá",Presencial,Actualizado hace 3 horas
Subgerente de Restaurante Comida Rápida,Domino's Pizza,"Ciudad De Panama, Panamá",Presencial,Actualizado hace 4 horas
Vendedor de Lubricantes,Konzerta Selecta,"Ciudad De Panama, Panamá",Presencial,Actualizado hace 5 horas
Gerente de RRHH y Administración,Confidencial,"Panama City, Panamá",Presencial,Actualizado hace 30 minutos
Oficial de Afiliación,Confidencial,"Ciudad De Panama, Panamá",Presencial,Actualizado hace 3 horas
Técnico III - copia,Ricardo Pérez,"Ciudad De Panama, Panamá",Presencial,Publicado hace 8 días
Asistente de Producción,Ricardo Pérez,"Ciudad De Panama, Panamá",Presencial,Publicado hace 8 días
Asistente Contable,Boutique,"Bethania, Panamá",Presencial,Publicado hace 8 días
Gerente de zona de Operaciones y Servicio Comida Rápida Panamá-Chiriqui y Colon,Domino's Pizza,"Ciudad De Panama, Panamá",Presencial,Actualizado hace 5 horas
Bodeguero,Manpower Panamá,"Panamá, Panamá",Presencial,Publicado hace 8 días
OFICINISTA DE CONTABILIDAD,Confidencial,"Bethania, Panamá",Apto discapacidad,Actualizado hace 7 días
Reservacionista,Grupo Los Pueblos,"Ciudad De Panama, Panamá",Presencial,Actualizado hace 6 días
Community Manager,Energy Central Corp.,"Ciudad De Panama, Panamá",Presencial,Actualizado hace 5 días
Analista de Compras - Costa del Este,Cerveceria Nacional,"Ciudad De Panama, Panamá",Presencial,Actualizado hace 6 días
Almacenista,Confidencial,"Panamá, Panamá",Presencial,Actualizado hace 4 días
Analista de Soporte Técnico,Tiendas por departamento,"Panamá, Panamá",Presencial,Actualizado hace 6 días
Líder Senior de Marketing Integrado,Confidencial,"Ciudad De Panama, Panamá",Presencial,Actualizado hace 1 hora
RECEPCIONISTA HOTELERO,Megapolis World,"Paitilla, Panamá",Presencial,Publicado hace 8 días
Supervisor de Recepción Hotelero,Megapolis World,"Paitilla, Panamá",Presencial,Actualizado hace 7 días
COCINERO,Megapolis World,"Paitilla, Panamá",Presencial,Publicado hace 8 días
Mensajero Cobrador,Confidencial,"Panamá, Panamá",Presencial,Actualizado hace 6 días
Key Account Manager – Sudamérica,Confidencial,"Panama City, Panamá",Presencial,Actualizado hace 6 horas
Asistente Administrativa,Confidencial,"Ciudad De Panama, Panamá",Presencial,Publicado hace 8 días
Supervisor de Tienda Duty Free - Rio Sereno Chiriquí,Confidencial,"Río Sereno, Chiriquí",Presencial,Actualizado hace 6 días
Coordinador de Mantenimiento Industrial,"Panameña de Helados, S.A.","Juan Díaz, Panamá",Presencial,Actualizado hace 5 días
Analista de Compra,Confidencial,"Juan Díaz, Panamá",Presencial,Actualizado hace 1 hora
OFICIAL DE FINANZAS- RENTABILIDAD Y FUGA,Banco General,"Ciudad De Panama, Panamá",Presencial,Publicado hace 8 días
Jefe de Finanzas y Tesorería,Confidencial,"Ciudad De Panama, Panamá",Presencial,Publicado hace 8 días
Ejecutivo(a) de Ventas,"Master Direct Panama, S. A.","Ciudad De Panama, Panamá",Presencial,Publicado hace 8 días
Auxiliar de Tecnología,Las Américas Golden Tower,"Panamá, Panamá",Presencial,Publicado hace 8 días
Motorizado,Confidencial,"Ciudad De Panama, Panamá",Presencial,Actualizado hace 4 días
JEFE DE MANTENIMIENTO ING. CIVIL -EDIFICACIONES,Confidencial,"Panamá, Panamá",Presencial,Actualizado hace 1 hora
Cocinero,Grupo Athens,"Panamá, Panamá",Presencial,Publicado hace 8 días
Coordinador de IT,Direcciona RH,"Ciudad De Panama, Panamá",Presencial,Publicado hace 8 días
VENDEDOR DE MOSTRADOR,Auto Centro,"Ciudad De Panama, Panamá",Presencial,Actualizado hace 5 días
Ejecutivo de Relación Sucursal,Caja de Ahorro,"Ciudad De Panama, Panamá",Presencial,Publicado hace 8 días
DOCENTE DE INFORMÁTICA Y ROBÓTICA EN INGLÉS,Colegio St. Mary,"Ancón, Panamá",Presencial,Publicado hace 8 días
DOCENTE DE INFORMÁTICA Y ROBÓTICA EN INGLÉS,Colegio St. Mary,"Ancón, Panamá",Presencial,Publicado hace 8 días
Oficial de Logistica Sector Automotriz,Konzerta Selecta,"Ciudad De Panama, Panamá",Presencial,Publicado hace 8 días
Líder de Operaciones y Planificación Estratrégica,Search Latinoamérica,"Ciudad De Panama, Panamá",Presencial,Publicado hace 9 días
"Vendedor ( ferretería , tanques , otros )",Search Latinoamérica,"Panamá, Panamá",Presencial,Actualizado hace 7 días
CONTADOR (a),Confidencial,"Panamá, Panamá",Presencial,Actualizado hace 2 horas
Entrenador,Confidencial,"Parita, Herrera",Presencial,Actualizado hace 5 días
SUPERVISOR DE INFRAESTRUCTURA TECNOLOGICA,PANAMA SEAFOOD GROUP,"Santiago, Veraguas",Presencial,Actualizado hace 54 minutos
Entrenador,Confidencial,"Panama City, Panamá",Presencial,Actualizado hace 5 días
Reclutadora Especialista en Adquisición de Talento (Inglés Nativo / Fluido),"Dogsito, S.A.","Panamá, Panamá",Presencial,Actualizado hace 3 días
LÍDER DE CATEGORÍA (TEMPORAL 5 MESES),Confidencial,"Ciudad De Panama, Panamá",Presencial,Actualizado hace 5 días
Oficial Comercial de Sucursal,Power Club S.A.,"Panamá, Panamá",Presencial,Publicado hace 9 días
Analista de Operaciones Contables,Confidencial,"Juan Díaz, Panamá",Presencial,Publicado hace 9 días
Ayudante General -verificador Milla 8,Empresas Carbone S.A,"Panamá, Panamá",Presencial,Actualizado hace 3 horas
Ejecutivo de Gestión de Cobranza – Call Center,Confidencial,"Panamá, Panamá",Presencial,Actualizado hace 3 horas
Asistente de Contabilidad,Confidencial,"Panamá, Panamá",Presencial,Publicado hace 9 días
Asistente de Fotografía,Confidencial,"Juan Díaz, Panamá",Presencial,Publicado hace 9 días
Especialista Regional de Tráfico Internacional - Colón,SLA CORP,"Colón, Colón",Presencial,Actualizado hace 5 días
VENDEDOR,Confidencial,"Colón, Colón",Presencial,Actualizado hace 5 días
Call Center / Outbound Sales Agent,Coastal Debt Panama,"Ciudad De Panama, Panamá",Presencial,Actualizado ayer
BARISTAS (CIUDAD DE PANAMÁ),Confidencial,"Ciudad De Panama, Panamá",Presencial,Actualizado hace 7 días
Gerente de Ventas Tour and Travel y Gerente de Distribución,Bern Hotels & Resorts Panamá,"Vera Cruz, Panamá",Presencial,Publicado hace 9 días
Ayudante General / Masculino,Confidencial,"San Miguelito, Panamá",Presencial,Actualizado hace 8 días
Asistente Administrativo,Avantis real estate inc,"Paitilla, Panamá",Presencial,Publicado hace 9 días
Vendedor/ Seguridad de tienda,Bon CH,"Panamá, Panamá",Presencial,Actualizado hace 3 horas
Contador publico autorizado,ANDROMEDA YACHTS,"Ancón, Panamá",Presencial,Publicado hace 9 días
Especialista en Recursos Humanos,Confidencial,"Betania, Panamá",Presencial,Publicado hace 9 días
Abogado/a en Inmigración y Bienes Raíces,TEIDE GLOBAL CAPITAL SA,"Juan Díaz, Panamá",Presencial,Publicado hace 9 días
Asistente Ejecutivo / Coordinador Administrativo,iacademy pro,"Panamá, Panamá",Presencial,Publicado hace 9 días
Ejecutivo de Ventas - Movilidad,Grupo Corporativo Perez,"David, Chiriquí",Presencial,Actualizado hace 6 días
CAJERA/ PISO DE VENTA,Bon CH,"Panamá, Panamá",Presencial,Actualizado hace 3 horas
Ayudante General de Mantenimiento y Limpieza,Ink Factory,"Betania, Panamá",Presencial,Publicado hace 9 días
Trade Marketing,Confidencial,"Ciudad De Panama, Panamá",Presencial,Actualizado hace 7 horas
JEFE DE CEDI (CHIRIQUÍ),Confidencial,"Chiriqui, Chiriquí",Presencial,Actualizado hace 4 días
INGENIERO ELECTROMECANICO JR,Constructora Riga,"Panamá, Panamá",Presencial,Actualizado hace 8 días
Asesor de Ventas de Repuestos,Vale Motors SA,"Ancón, Panamá",Presencial,Actualizado hace 3 días
CHOFERES Y AYUDANTES DE REPARTO (CHIRIQUÍ),Confidencial,"Chiriqui, Chiriquí",Presencial,Actualizado hace 7 horas
CONTADOR,Confidencial,"Panamá, Panamá",Presencial,Actualizado hace 5 días
Cajera Vendedora,Consultor RH,"Changuinola, Bocas del Toro",Presencial,Publicado hace 9 días
Tecnico Mecanico Industrial,Grupo Cementero Panameño,"La Chorrera, Panamá Oeste",Presencial,Actualizado hace 5 días
Especialista de Mejora Continua,SLA CORP,"Ciudad De Panama, Panamá",Presencial,Publicado hace 9 días
Contador Jr Colón / Agencia de Carga,Confidencial,"Colón, Colón",Presencial,Actualizado hace 4 días
Ingeniero Civil Estructural,PFO Group,"Panamá, Panamá",Presencial,Actualizado ayer
Secondary Inclusion Learning Assistant,INTERNATIONAL SCHOOL OF PANAMA,"San Miguelito, Panamá",Presencial,Publicado hace 9 días
VENDEDOR RUTERO AL X MAYOR DE FERRETERIA PARA CIUDAD PANAMA CENTRO,"MAFESA – Mayoreo Ferretero, S.A.","Ciudad De Panama, Panamá",Presencial,Publicado hace 9 días
Ayudante General,Instituto Smithsonian de Investigaciones Tropicale,"Ciudad De Panama, Panamá",Presencial,Publicado hace 9 días
GERENTE DE RECURSOS HUMANOS,Confidencial,"Panama City, Panamá",Presencial,Actualizado hace 6 días
Physical Education - Middle School,INTERNATIONAL SCHOOL OF PANAMA,"San Miguelito, Panamá",Presencial,Publicado hace 9 días
MENSAJERO - VACACIONISTA,Confidencial,"La Chorrera, Panamá Oeste",Presencial,Actualizado hace 8 días
Ejecutivo Principal Davivienda Panamá,Davivienda Panamá,"Panamá, Panamá",Presencial,Publicado hace 9 días
VENDEDOR - CORONADO,Confidencial,"San Carlos, Panamá Oeste",Presencial,Actualizado hace 8 días
Monitoreo de Cámaras CCTV,Confidencial,"Ciudad De Panama, Panamá",Presencial,Actualizado hace 6 días
Supervisión De Bodega TEMPORAL (6 meses) - Ciudad de Panamá,Cerveceria Nacional,"Ciudad De Panama, Panamá",Presencial,Actualizado hace 7 días
Cocinero/a,Consultor RH,"24 De Diciembre, Panamá",Presencial,Publicado hace 9 días
TECNICO LABORATORISTA,Grupo Cementero Panameño,"Tocume  Panama, Panamá",Presencial,Actualizado hace 2 horas
GESTOR DE COBROS,Confidencial,"Bethania, Panamá",Presencial,Actualizado hace 5 días
ASISTENTE LEGAL,Confidencial,"Betania, Panamá",Presencial,Actualizado hace 7 días
Vendedor de mostrador,IMPLOSA,"Ciudad De Panama, Panamá",Presencial,Actualizado hace 7 días
Ejecutivo de Ventas Bilingüe,Brinks Panamá,"Ciudad De Panama, Panamá",Presencial,Actualizado hace 7 días
Especialista en Redes,STC PANAMA INC,"Panamá, Panamá",Presencial,Actualizado hace 1 hora
Comprado de Sanidad e Higiene,Confidencial,"Ciudad De Panama, Panamá",Presencial,Publicado hace 9 días
CONSERJE (PANAMA OESTE),Confidencial,"La Chorrera, Panamá Oeste",Presencial,Actualizado hace 6 días
OFICIAL CONSOLIDACIÓN Y ANALITICA CONTABLE - BANISTMO,Banistmo,"Panamá, Panamá",Híbrido,Actualizado hace 7 días
Asistente informático -,Confidencial,"Ciudad De Panama, Panamá",Presencial,Actualizado hace 2 días
ASESOR / DISEÑO DE INTERIORES/ PMA. CENTRO,Confidencial,"Panamá, Panamá",Presencial,Actualizado hace 4 horas
Staff en Valoracion de Activos,EY,"Ciudad De Panama, Panamá",Híbrido,Publicado hace 9 días
Gerente de Oficina,MICROSERFIN / SOLUCIONES DE MICROFINANZAS S.A,"Las Cumbres, Panamá",Presencial,Actualizado hace 6 horas
Recepcionista Bilingüe - Atención al Cliente,Confidencial,"Ciudad De Panama, Panamá",Presencial,Actualizado hace 8 días
Senior Transaction Diligence,EY,"Ciudad De Panama, Panamá",Híbrido,Publicado hace 9 días
Asistente de Finanzas,BG Metal Trade Inc.,"Panama City, Panamá",Presencial,Publicado hace 9 días
Asesor de Crédito Santa Fe,MICROSERFIN / SOLUCIONES DE MICROFINANZAS S.A,"Santa Fe, Darién",Presencial,Actualizado hace 7 horas
Gerente de Programa de Financiamiento Agricultores de arroz.,Confidencial,"Panamá, Panamá",Presencial,Actualizado hace 4 días
Ejecutivo de Ventas - Repuestos Automotrices,Konzerta Selecta,"Ancón, Panamá",Presencial,Actualizado hace 6 días
Sous Chef,Bern Hotels & Resorts Panamá,"Panama City, Panamá",Presencial,Publicado hace 10 días
Supervisor de Front Office,Bern Hotels & Resorts Panamá,"Panama City, Panamá",Presencial,Publicado hace 10 días
Profesional de RRHH (LICENCIA DE MATERNIDAD),Confidencial,"Ciudad De Panama, Panamá",Presencial,Actualizado hace 6 horas
Vendedores / vendedoras,EPIK CRÉDITO PANAMÁ INC,"Ciudad De Panama, Panamá",Presencial,Actualizado hace 4 horas
Consultor(a) Jr de Valorcación,EY,"Ciudad De Panama, Panamá",Híbrido,Publicado hace 10 días
Bilingual Executive Assistant / Operations Coordinator (English + Spanish),Bambouku,"Santiago, Veraguas",Híbrido,Actualizado ayer
Ejecutivo de Ventas de Servicios Financieros (Autos y Garantías),Konzerta Selecta,"Panama City, Panamá",Presencial,Actualizado hace 6 días
Gerente de Marketing Digital,INSTITUTO SUPERIOR DE INGENIERIA,"Panamá, Panamá",Presencial,Actualizado hace 9 días
SUPERVISORA DE CALIDAD,Confidencial,"Ciudad De Panama, Panamá",Presencial,Actualizado hace 23 minutos
Mecánico Automotriz,Kenbroth Corporation S.A.,"Tocumen., Panamá",Presencial,Actualizado hace 5 días
Oficial de Relación - Sucursales en Panamá (Ciudad),CREDICORP BANK,"Panamá, Panamá",Presencial,Publicado hace 11 días
Oficial de Factoring,CREDICORP BANK,"Panamá, Panamá",Presencial,Actualizado hace 9 días
Ayudante General - Bugaba,ITALCOL SCA,"Bugaba, Chiriquí",Presencial,Publicado hace 11 días
OFICINISTA DE CONTABILIDAD,Confidencial,"Panamá, Panamá",Apto discapacidad,Actualizado hace 7 días
Ayudante General - Capira,ITALCOL SCA,"Capira, Panamá Oeste",Presencial,Publicado hace 11 días
Chofer Repartidor (Licencia Tipo D),ITALCOL SCA,"Capira, Panamá Oeste",Presencial,Publicado hace 11 días
MERCADERISTA,GRUPO MELO,"Panamá, Panamá",Presencial,Actualizado hace 9 días
Cajera (o) para Control de fondos de Ventas.,Confidencial,"Panamá, Panamá",Presencial,Actualizado hace 5 días
CAJERA / O COSTA DEL ESTE,Confidencial,"Ciudad De Panama, Panamá",Presencial,Actualizado hace 6 días
VENDEDOR,Confidencial,"Santiago, Veraguas",Presencial,Actualizado hace 5 días
SUB GERENTE DE TIENDA / DAVID CHIRIQUI,Confidencial,"David, Chiriquí",Presencial,Publicado hace 11 días
SUB GERENTE DE TIENDA / PENONOME,Confidencial,"Penonomé, Coclé",Presencial,Actualizado hace 7 días
SUB GERENTE DE TIENDA / ARRAIJAN,Confidencial,"Arraiján, Panamá Oeste",Presencial,Actualizado hace 8 días
Analista Comercial de datos,Confidencial,"Ciudad De Panama, Panamá",Presencial,Actualizado hace 6 días
Electromecánico (Capira),ITALCOL SCA,"Capira, Panamá Oeste",Presencial,Publicado hace 11 días
Especialista de Cumplimiento,TELERED,"Ciudad De Panama, Panamá",Híbrido,Publicado hace 11 días
Analista de Pedidos (Repuesto Automotriz),Confidencial,"Juan Díaz, Panamá",Apto discapacidad,Publicado hace 11 días
Coordinador de Desarrollo Humano Organizacional,ALICAPSA,"Ciudad De Panama, Panamá",Presencial,Actualizado hace 5 días
PROMOTOR DE EVENTOS,ALICAPSA,"Panama City, Panamá",Presencial,Actualizado hace 5 días
Técnico de Servicios Generales,Rinotel,"Pueblo Nuevo, Panamá",Presencial,Publicado hace 11 días
Raiders,Medcom,"Ciudad De Panama, Panamá",Presencial,Actualizado hace 7 días
ASISTENTE DE CREDITO Y COBROS,Confidencial,"Panamá, Panamá",Presencial,Publicado hace 11 días
ADMINISTRADOR DE PLAZAS COMERCIALES - COLÓN,Confidencial,"Colón, Colón",Presencial,Actualizado hace 7 días
OFICINISTA - UTILITY,Confidencial,"Bethania, Panamá",Apto discapacidad,Actualizado hace 7 días
Auxiliar de Deposito,BANCOLOMBIA PANAMA,"Ciudad De Panama, Panamá",Presencial,Publicado hace 12 días
Analista de cumplimiento,BANCOLOMBIA PANAMA,"Ciudad De Panama, Panamá",Presencial,Publicado hace 12 días
Vendedora Técnica,BTI CORP,"Ciudad De Panama, Panamá",Presencial,Publicado hace 12 días
Agente de Seguridad,Bern Hotels & Resorts Panamá,"Ciudad De Panama, Panamá",Presencial,Publicado hace 12 días
CONTADOR SECTOR INMOBILIARIO,URBAN DEVELOPMENT GROUP S A,"Ciudad De Panama, Panamá",Presencial,Actualizado hace 4 horas
Ayudante de Cocina,Bern Hotels & Resorts Panamá,"Ciudad De Panama, Panamá",Presencial,Publicado hace 12 días
ASESOR COMERCIAL / CHITRE,Confidencial,"Chitré, Herrera",Presencial,Actualizado hace 9 días
ASESOR COMERCIAL PANAMÁ CENTRO,Confidencial,"Panamá, Panamá",Presencial,Actualizado hace 8 días
Gerente de Mercadeo y Desarrollo Comercial,REPRICO S. A.,"Panama City, Panamá",Presencial,Actualizado hace 6 horas
Encargado/Jefe de Sala,Consultor RH,"Panama City, Panamá",Presencial,Publicado hace 12 días
Especialista de Centro de Monitoreo y Observabilidad,CREDICORP BANK,"Panamá, Panamá",Presencial,Actualizado hace 5 días
Ejecutiva de Ventas Canal Food Service,Confidencial,"Panama City, Panamá",Presencial,Actualizado hace 6 días
Oficial de Relación Senior de Banca Internacional,CREDICORP BANK,"Panamá, Panamá",Presencial,Actualizado hace 6 días
Representante Técnico de Ventas Distribución Cuenta Clave,SHERWIN-WILLIAMS,"Panamá, Panamá",Presencial,Actualizado hace 5 días
Ejecutivo Comercial,Multi Desarrollo Urbano,"David, Chiriquí",Presencial,Actualizado hace 7 horas
GESTOR DE COBROS MOTORIZADO,SERVICIOS BANCARIOS,"Ciudad De Panama, Panamá",Presencial,Actualizado hace 7 días
"Técnico en Chapistería, Pintura y Soldadura",Konzerta Selecta,"Ancón, Panamá",Presencial,Actualizado hace 9 días
CAJERA / O,Confidencial,"La Chorrera, Panamá Oeste",Presencial,Publicado hace 12 días
AYUDANTE GENERAL,Distribuidora Unico,"Juan Díaz, Panamá",Presencial,Actualizado hace 11 días
Ingeniero Electrónico- Sistemas especiales,Empresa de Servicios de Instalación de Alarmas,"Parque Lefevre, Panamá",Presencial,Actualizado hace 8 días
Líder Analista de Mercado Eléctrico (Generación Eléctrica ),Confidencial,"Panamá, Panamá",Presencial,Publicado hace 12 días
Coordinador De Ventas,Bern Hotels & Resorts Panamá,"Ciudad De Panama, Panamá",Presencial,Publicado hace 12 días
Auxiliar de Contratos,Confidencial,"Panamá, Panamá",Presencial,Actualizado hace 8 días
Gerente Comercial Canal DTT,Confidencial,"Ciudad De Panama, Panamá",Presencial,Actualizado hace 5 horas
Operario de Limpieza y Mantenimiento,Confidencial,"Panamá, Panamá",Presencial,Actualizado hace 3 horas
GERENTES DE SUCURSALES / PMA CENTRO,Confidencial,"Panamá, Panamá",Presencial,Actualizado hace 6 días
Recepcionista - Temporal,Grupo Davissa,"Juan Díaz, Panamá",Presencial,Actualizado hace 5 horas
Asistente de Mercadeo y Publicidad,Confidencial,"Ciudad De Panama, Panamá",Presencial,Actualizado hace 7 días
Técnico de Mantenimiento de Sistemas de Protección contra Incendios,GRUPO AG,"Panama City, Panamá",Presencial,Actualizado hace 5 días
OFICIAL DE TRAMITE Y CONTROL,FINANCIERA NATA,"Vista Bella, Panamá",Presencial,Actualizado hace 5 días
SUB GERENTE DE TIENDA / LA CHORRERA,Confidencial,"La Chorrera, Panamá Oeste",Presencial,Actualizado hace 8 días
Operativo de Sala CARBONE,Empresas Carbone S.A,"Panamá, Panamá",Presencial,Actualizado hace 6 horas
CAJERA,Confidencial,"Panamá, Panamá",Presencial,Actualizado hace 11 días
Salonero,CLUB UNION,"Paitilla, Panamá",Presencial,Actualizado hace 9 días
Auxiliar de Proceso Biológico/ Por obra Determinada,Misión Internacional COPEG,"Pacora, Panamá",Presencial,Actualizado hace 5 días
Gerente de Tienda,Confidencial,"Ancón, Panamá",Presencial,Actualizado hace 5 días
Asistente de Comercio Exterior,BICSA (Banco Internacional de Costa Rica),"Panama City, Panamá",Presencial,Publicado hace 12 días
DETAILER preparador de autos - Chiriquí,Empresas Carbone S.A,"David, Chiriquí",Presencial,Actualizado hace 6 días
Chofer-Director Ejecutivo,Confidencial,"Panama City, Panamá",Presencial,Publicado hace 12 días
CHOFER REPARTIDOR,Droguería Saro,"Panama City, Panamá",Presencial,Actualizado hace 6 días
Jefe de Pricing,BG Metal Trade Inc.,"Ciudad De Panama, Panamá",Presencial,Actualizado hace 6 horas
CAPTADOR DE DATOS WEB,Confidencial,"Ciudad De Panama, Panamá",Presencial,Actualizado hace 8 días
Asistente de Customer Service,BG Metal Trade Inc.,"Ciudad De Panama, Panamá",Presencial,Actualizado hace 1 hora
¡Inicia tu carrera en Emi Falck! Buscamos Practicantes (Comercial y Cartera),Emi Panamá S.A.,"Ancón, Panamá",Presencial,Publicado hace 12 días
"Call Center Premium Campaign - Up to 1,050 USD",Alorica,"Panama City, Panamá",Presencial,Publicado hace 12 días
Oficial de Salud Ocupacional,Confidencial,"Ciudad De Panama, Panamá",Presencial,Actualizado hace 5 días
Gerentes - Subgerentes de tiendas,SLA CORP,"Santiago, Veraguas",Presencial,Actualizado hace 6 días
Administrador General de Restaurante,Konzerta Selecta,"Panama City, Panamá",Presencial,Actualizado ayer
Dependientes de tienda - Cajeras,SLA CORP,"Santiago, Veraguas",Presencial,Actualizado hace 5 horas
Diseñadora de Interiores,Confidencial,"Panama City, Panamá",Presencial,Publicado hace 12 días
JEFE DE VENTAS - SUPERMERCADO,Supermercados Xtra,"Juan Díaz, Panamá",Presencial,Actualizado hace 7 días
Analista de Calidad,Confidencial,"Ancón, Panamá",Presencial,Publicado hace 12 días
Asesor de venta de Acabados,Confidencial,"La Chorrera, Panamá Oeste",Presencial,Actualizado hace 11 días
Ayudante de Cocinero,Confidencial,"Tocumen., Panamá",Presencial,Actualizado hace 2 días
TÉCNICO REPARADOR DE LLANTAS (llantero),Confidencial,"Pacora, Panamá",Presencial,Publicado hace 12 días
Asesora de Ventas / Cajera,Confidencial,"Juan Díaz, Panamá",Presencial,Actualizado hace 5 días
Analista de Procesos Operativos para el area de Santiago,GRUPO SALETA,"Santiago, Veraguas",Presencial,Actualizado hace 5 días
AYUDANTE GENERAL,Confidencial,"Juan Díaz, Panamá",Presencial,Actualizado hace 6 días
Brand Manager,Confidencial,"Panama City, Panamá",Presencial,Actualizado hace 6 horas
Asistente Operativo Nocturno Remoto (Inglés requerido),Confidencial,"Panamá, Panamá",Remoto,Publicado hace 13 días
Mensajero Motorizado,Confidencial,"Panamá, Panamá",Presencial,Actualizado hace 6 días
Operador de Montacargas y Bodeguero,SOLUCIONES PARA IMPRESION S.A.,"Río Abajo, Panamá",Presencial,Actualizado hace 5 días
JEFE DE IMPRESIÓN Y LAMINACIÓN,Confidencial,"Panamá, Panamá",Presencial,Actualizado hace 5 días
AYUDANTE GENERAL - PISO DE VENTA CORONADO,El Machetazo,"San Carlos, Panamá Oeste",Presencial,Actualizado hace 5 días
AYUDANTE GENERAL -PISO DE VENTA CHITRE,El Machetazo,"Chitré, Herrera",Presencial,Publicado hace 13 días
Pasante Legal - Tributario,Confidencial,"Panama City, Panamá",Presencial,Actualizado hace 5 horas
COORDINADOR (A) DE TRADE MARKETING ENFOCADO A CANAL TRADICIONAL,ALICAPSA,"Panamá, Panamá",Presencial,Actualizado hace 5 días
Ejecutiva de cuenta Eventos y Marketing BTL,PanaJobs,"Carrasquilla, Panamá",Presencial,Actualizado hace 4 horas
EJECUTIVO COMERCIAL PLUS - BANISTMO,Banistmo,"Panama City, Panamá",Presencial,Actualizado hace 6 días
Junior Treasury Specialist,Confidencial,"Ciudad De Panama, Panamá",Presencial,Actualizado hace 12 días
Vendedor al por Mayor - Línea de Baterías,Auto Centro,"Ciudad De Panama, Panamá",Presencial,Publicado hace 13 días
Secretaria Administrativa,Shakis Express,"La Chorrera, Panamá Oeste",Presencial,Publicado hace 13 días
SUPERVISOR DE VENTAS (PRESTAMOS PERSONALES),Confidencial,"Ciudad De Panama, Panamá",Presencial,Actualizado hace 7 días
Directora Contable,Confidencial,"Bethania, Panamá",Presencial,Actualizado hace 5 días
JEFE DE COMPRAS NACIONALES,"MUEBLES JAMAR PANAMA, S.A.","Ciudad De Panama, Panamá",Presencial,Actualizado hace 8 días
Asesor de Ventas Sala,"Bombas y Balineras, S.A.","La Chorrera, Panamá Oeste",Presencial,Actualizado hace 7 horas
Analista de Recursos Humanos Planilla (TOCUMEN),PanaJobs,"Tocume  Panama, Panamá",Presencial,Actualizado hace 2 horas
Representante de Servicio al Cliente en Carbone Motors,Empresas Carbone S.A,"Ciudad De Panama, Panamá",Presencial,Actualizado hace 7 días
"Coordinador de Finanzas, Contabilidad y Administración",PFO Group,"Panamá, Panamá",Presencial,Actualizado hace 6 días
Coordinador de Mantenimiento-Provincias,Confidencial,"Chitré, Herrera",Presencial,Actualizado hace 8 días
Jefe de Bodega e Inventarios,Confidencial,"Santiago, Veraguas",Presencial,Publicado hace 13 días
Practicante Servicio al Huésped,Kelly Vasquez,"Juan Díaz, Panamá",Presencial,Actualizado hace 6 días
Agente de Ventas Inmobiliarias (Comisión),Pro Realty,"Ciudad De Panama, Panamá",Presencial,Actualizado hace 9 días
Administrativa/Contable,Sea Masters,"Ancón, Panamá",Presencial,Publicado hace 13 días
Supervisor de Tienda,"WALID MAGNATE, S.A.","Arraiján, Panamá Oeste",Presencial,Publicado hace 13 días
Supervisor de Seguridad Ocupacional para Construccion,"RELLENOS DE PANAMÁ, S.A.","Ancón, Panamá",Presencial,Publicado hace 13 días
Asistente de Logística,NIBANNA CORPORATION SA,"Bethania, Panamá",Presencial,Publicado hace 13 días
Docente / Tutor Educativo,Espacio Brujula,"La Chorrera, Panamá Oeste",Presencial,Actualizado hace 7 días
Cocinero/a,El chaofan,"Ancón, Panamá",Presencial,Publicado hace 13 días
Estibador,SERVICIOS PRODUCTIVOS S.A,"Tocumen., Panamá",Presencial,Actualizado hace 5 días
Médico/a Veterinario/a (Part-Time),COMPLEJO VETERINARIO SUPER PET S.A,"Ciudad De Panama, Panamá",Presencial,Publicado hace 13 días
Ayudante General,Coral Reef,"Panamá, Panamá",Presencial,Publicado hace 13 días
Supervisor Seguridad y Salud Ocupacional,PANAMA SEAFOOD GROUP,"Santiago, Veraguas",Presencial,Actualizado hace 9 días
Prácticas Profesionales,Brinks Panamá,"Betania, Panamá",Presencial,Actualizado hace 7 días
Gerente de Ventas- Bienes y Raices,Confidencial,"Ciudad De Panama, Panamá",Presencial,Actualizado hace 12 días
COORDINADOR DE MERCADEO,Empresa Multinacional,"Ciudad De Panama, Panamá",Presencial,Publicado hace 13 días
Gerente de Facturación,Grupo STT,"Paitilla, Panamá",Presencial,Actualizado hace 6 días
Verificador de Operaciones,DICARINA,"Tocume  Panama, Panamá",Presencial,Actualizado hace 4 horas
Asistente Comercial,ARKA SERVICIOS DE RECURSOS HUMANOS,"Panama City, Panamá",Presencial,Actualizado hace 9 días
Visitadr médico INSTITUCIONAL para Farmacéutica,People & Talents,"Panamá, Panamá",Presencial,Publicado hace 13 días
Captador de Datos,Confidencial,"Ciudad De Panama, Panamá",Presencial,Actualizado hace 8 días
Asesor de Recuperación Coronado/Cocle,Confidencial,"Antón, Coclé",Presencial,Actualizado hace 4 horas
Asistente de Logística Para David,Confidencial,"Dolega, Chiriquí",Presencial,Publicado hace 13 días
VENDEDOR ESPECIALISTA EN MATERIALES DE CONSTRUCCION,Confidencial,"Ciudad De Panama, Panamá",Presencial,Actualizado hace 7 días
VENDEDOR DE RUTA - PANAMA CENTRO,Confidencial,"Panama City, Panamá",Presencial,Actualizado hace 7 días
VACANTES EN COLÓN/BUENA VISTA,Supermercados Xtra,"Buena Vista, Colón",Presencial,Actualizado hace 7 días
SUPERVISORA DE CAJAS - CHIRIQUÍ,FARMACIAS ARROCHA,"David, Chiriquí",Presencial,Actualizado hace 11 días
ASISTENTE CONTABLE,Confidencial,"Las Mañanitas, Panamá",Presencial,Actualizado hace 6 días
Coordinador/a de Contabilidad,confidencial,"Ciudad De Panama, Panamá",Presencial,Publicado hace 13 días
Contador – Empresa Retail,ARKA SERVICIOS DE RECURSOS HUMANOS,"Panama City, Panamá",Presencial,Publicado hace 13 días
Coordinador de Demanda y Abastecimiento (Demand Planner),ARKA SERVICIOS DE RECURSOS HUMANOS,"Panama City, Panamá",Presencial,Publicado hace 13 días
Analista de Diseño Grafico,Confidencial,"Panamá, Panamá",Presencial,Actualizado hace 6 días
Jefe Comercial,Confidencial,"Ciudad De Panama, Panamá",Presencial,Actualizado hace 7 días
Asistente de Compras Retail Bilingue,Konzerta Selecta,"Ciudad De Panama, Panamá",Presencial,Publicado hace 14 días
RECEPCIONISTA,Bern Hotels & Resorts Panamá,"Panama City, Panamá",Presencial,Publicado hace 14 días
Salonero/a con Inglés Avanzado,"ORDOVICIAN BEACH RESORT- RSH PROPERTIES-PANAMA,S.A","Portobelo, Colón",Presencial,Actualizado hace 4 horas
AUXILIAR DE MANTENIMIENTO,Confidencial,"Ciudad De Panama, Panamá",Presencial,Publicado hace 14 días
Jefe de Cobros - BANISTMO,Banistmo,"Panamá, Panamá",Presencial,Actualizado hace 9 días
CONTADOR,Santa María Country Club,"Panamá, Panamá",Presencial,Actualizado hace 12 días
Ingeniero Naval con experiencia,Confidencial,"Juan Díaz, Panamá",Presencial,Publicado hace 14 días
SEGURIDAD DE ALMACEN - PANAMÁ OESTE,Confidencial,"La Chorrera, Panamá Oeste",Presencial,Actualizado hace 12 días
ASESOR DE SERVICIO AL CLIENTE - COLÓN,Confidencial,"Panamá, Panamá",Presencial,Actualizado hace 6 días
ANALISTA DESARROLLADOR FULL STACK,Confidencial,"Santiago, Veraguas",Presencial,Actualizado hace 6 días
Ingeniero Civil JR,Confidencial,"Panamá, Panamá",Presencial,Actualizado hace 7 horas
ASISTENTE DE CONTABIIDAD,Confidencial,"Ciudad De Panama, Panamá",Presencial,Publicado hace 14 días
Carnicero/a con Experiencia,MINI MARKET J&R,"Caimitillo, Panamá",Presencial,Publicado hace 14 días
Mecánico Automotriz,DZTUNING,"Ancón, Panamá",Presencial,Actualizado hace 7 días
Especialista de Instrumentación y Control,Empresa Multinacional,"Chilibre, Panamá",Presencial,Actualizado hace 6 días
SUPERVISOR DE BODEGA / CENTENARIO,Confidencial,"Ancón, Panamá",Presencial,Actualizado hace 6 horas
Sales and Marketing Representative for CSA region,Konzerta Selecta,"Panama City, Panamá",Híbrido,Actualizado hace 9 días
VENDEDOR AL POR MAYOR CHANQUINOLA,Confidencial,"David, Chiriquí",Presencial,Actualizado hace 4 días
Chofer licencia tipo D y Ayudante de Áreas Verdes,PanaJobs,"Ciudad De Panama, Panamá",Presencial,Actualizado hace 5 días
Ejecutivo de Ventas Institucional y Proyectos,LA CASA DEL MEDICO / HORACIO ICAZA  Y CIA S.A.,"Ciudad De Panama, Panamá",Presencial,Actualizado hace 6 días
Ejecutivo de Ventas en Ruta - Penonomé,"SanJue Importaciones S,A","Penonomé, Coclé",Presencial,Actualizado hace 5 horas
Asistente de Farmacia,Confidencial,"Ciudad De Panama, Panamá",Presencial,Actualizado hace 5 horas
Jefe de servicio - Equipo pesado,Confidencial,"Panamá, Panamá",Presencial,Publicado hace 14 días
Business Development Manager,Talentum,"Panama City, Panamá",Presencial,Actualizado hace 8 días
Analista de Calidad,Más Móvil,"Ciudad De Panama, Panamá",Presencial,Actualizado hace 7 días
Asistente Administrativo,PURE AND FRESH  S.A.,"Panamá, Panamá",Presencial,Actualizado hace 9 días
Analista de Bienestar,Banco Nacional de Panamá,"Ciudad De Panama, Panamá",Apto discapacidad,Actualizado hace 6 días
PASANTIA DE RRHH,Santa María Country Club,"Panama City, Panamá",Presencial,Publicado hace 14 días
Vendedor en Ruta,Confidencial,"Panamá, Panamá",Presencial,Actualizado hace 9 días
Trabajador Manual,Confidencial,"Panamá, Panamá",Presencial,Actualizado hace 6 días
ANALISTA DE VENTAS FARMA,Droguería Saro,"Panama City, Panamá",Presencial,Actualizado hace 9 días
Gerente de Cuentas por Cobrar,Grupo STT,"Paitilla, Panamá",Presencial,Actualizado hace 8 días
Científico de Datos,Banesco Panamá,"Ciudad De Panama, Panamá",Presencial,Publicado hace 14 días
Auxiliar Contable,Confidencial,"Ciudad De Panama, Panamá",Presencial,Publicado hace 14 días
Analista de Reaseguro - Suscripción de ramos generales,EMPRESA DE PRESTIGIO,"Ciudad De Panama, Panamá",Presencial,Actualizado hace 7 días
Asesor Óptico en Multiplaza,Zeiss Vision Center,"Panamá, Panamá",Presencial,Publicado hace 14 días
Asistente de Logística y Servicios Generales (Ciudad de Panamá),Confidencial,"Ciudad De Panama, Panamá",Presencial,Actualizado hace 6 días
Conductor Privado - Turno nocturno (disponibilidad horaria),Confidencial,"Panamá, Panamá",Presencial,Actualizado hace 8 horas
SEGURIDAD - CHITRE,Confidencial,"Chitré, Herrera",Presencial,Actualizado hace 6 días
Call Center / Customer Service Representative,Prodapt,"Panamá, Panamá",Presencial,Publicado hace 14 días
Auxiliar de Producción,GRUPO DIT,"24 De Diciembre, Panamá",Presencial,Actualizado hace 2 días
Jefe/a jr. Regional de Relaciones Laborales – Enfoque Legal,Trade Alliance Corporation,"Ciudad De Panama, Panamá",Presencial,Publicado hace 14 días
Especialista Comercial de Ciberseguridad,Confidencial,"Ciudad De Panama, Panamá",Apto discapacidad,Actualizado hace 9 días
Asistente de Inventario en Contabilidad,Confidencial,"Ciudad De Panama, Panamá",Presencial,Publicado hace 14 días
AYUDANTE GENERAL,Confidencial,"Ciudad De Panama, Panamá",Presencial,Actualizado hace 2 días
Vacantes Varias (Aguadulce),"WALID MAGNATE, S.A.","Aguadulce, Coclé",Presencial,Actualizado hace 11 días
Auxiliar de Fabricación (Farmacéutica/Dermocosmética),Global Science,"Panamá, Panamá",Presencial,Actualizado hace 2 días
Ejecutivo Comercial - Dermocosmética,Global Science,"Panamá, Panamá",Presencial,Actualizado hace 2 días
Asistente Administrativa,Global Science,"Panamá, Panamá",Presencial,Publicado hace 14 días
Asistente de Tienda,EJE MOTORS,"Ciudad De Panama, Panamá",Presencial,Actualizado hace 9 días
SUPERVISOR AVALÚOS (AUTOS ),Confidencial,"Ciudad De Panama, Panamá",Presencial,Actualizado hace 6 días
Controller Engineers (Photovoltaic Power Stations),Grupo STT,"Ciudad De Panama, Panamá",Presencial,Actualizado hace 9 días
Contract and Commercial Manager,Grupo STT,"Ciudad De Panama, Panamá",Presencial,Actualizado hace 7 días
Gerente de Supermercado,Confidencial,"Ciudad De Panama, Panamá",Presencial,Actualizado hace 8 días
Ejecutivo de ventas Tarjetas de Crédito,BAC Credomatic,"Ciudad De Panama, Panamá",Presencial,Publicado hace 14 días
Partner Operation Manager,Grupo STT,"Ciudad De Panama, Panamá",Presencial,Actualizado hace 9 días
Channel Manager |||||||,Grupo STT,"Ciudad De Panama, Panamá",Presencial,Actualizado hace 9 días
Practicante de Asuntos Corporativos y Sostenibilidad,Varela Hermanos S.A.,"Ciudad De Panama, Panamá",Presencial,Actualizado hace 5 días
Senior Recruiter,"Panama Outsource Solutions, S.A.","Panamá, Panamá",Presencial,Actualizado hace 7 horas
Encargado de Bodega de Congelado,CORPEISA,"Chepo, Panamá",Presencial,Actualizado hace 4 horas
Cocinero con Experiencia en Áreas Fría y Caliente,Confidencial,"Ciudad De Panama, Panamá",Presencial,Actualizado hace 1 hora
Bilingual Call Center Agent,Alorica,"Panamá, Panamá",Presencial,Publicado hace 14 días
Asesor de ventas - Tienda Carbone,Empresas Carbone S.A,"Río Abajo, Panamá",Presencial,Actualizado hace 6 horas
Reabastecedor de Tienda,Empresas Carbone S.A,"Panamá, Panamá",Presencial,Actualizado hace 5 horas
Power Maintenance Engineer,Grupo STT,"Ciudad De Panama, Panamá",Presencial,Actualizado hace 6 días
SUPERVISOR (A) DE MERCHANDISING,GRUPO MELO,"Ciudad De Panama, Panamá",Presencial,Actualizado hace 6 horas
ASISTENTE DE RECURSOS HUMANOS / CALIDONIA,Confidencial,"Panama City, Panamá",Presencial,Actualizado hace 6 días
SUSCRIPTOR JR,Confidencial,"Ciudad De Panama, Panamá",Presencial,Publicado hace 14 días
Oficinista,Confidencial,"Santa Ana, Panamá",Presencial,Actualizado hace 5 días
Jefe de Mantenimiento,Konzerta Selecta,"Colón, Colón",Presencial,Publicado hace 14 días
Bilingual receptionist,HOTELERA EL PANAMÁ,"Panama City, Panamá",Presencial,Actualizado hace 6 días
Jefe Administrativo de Planta,CORPEISA,"Chepo, Panamá",Presencial,Actualizado hace 1 hora
Auxiliar de Tecnologías Educativas,GRUPO DIT,"Panamá, Panamá",Presencial,Publicado hace 14 días
Ingeniero industrial/ Líder de proyectos,Confidencial,"Ciudad De Panama, Panamá",Presencial,Actualizado hace 7 días
MATH TEACHER,OIS,"Ciudad De Panama, Panamá",Presencial,Actualizado hace 6 días
Técnico mecánico - Chilibre,Confidencial,"Chilibre, Panamá",Presencial,Actualizado hace 12 días
Analista Contable,Confidencial,"Las Mañanitas, Panamá",Presencial,Actualizado hace 9 días
GERENTE DE CATEGORIA/PRODUCTO,Confidencial,"Ciudad De Panama, Panamá",Presencial,Actualizado hace 6 días
Analista de Auditoría Interna,Confidencial,"Ciudad De Panama, Panamá",Presencial,Publicado hace más de 15 días
Auxiliar de Operaciones Cartera,BANCOLOMBIA PANAMA,"Ciudad De Panama, Panamá",Presencial,Publicado hace más de 15 días
Oficial I Mercado Local,BANCOLOMBIA PANAMA,"Ciudad De Panama, Panamá",Presencial,Publicado hace más de 15 días
Practicante de Logística - Majagua Chiriquí,Cerveceria Nacional,"Ciudad De Panama, Panamá",Presencial,Publicado hace más de 15 días
Analista de Abastecimiento,BANCOLOMBIA PANAMA,"Ciudad De Panama, Panamá",Presencial,Publicado hace más de 15 días
Oficial de créditos y cobros I,Ricardo Pérez,"Ciudad De Panama, Panamá",Presencial,Publicado hace más de 15 días
Gerente Junior - Alimentos y Bebidas,Confidencial,"Ciudad De Panama, Panamá",Presencial,Actualizado hace 5 días
Coordinador(a) de Mercadeo Junior,El Machetazo,"Ciudad De Panama, Panamá",Presencial,Actualizado hace 2 horas
Mecanicos Autos Electricos,Confidencial,"Panamá, Panamá",Presencial,Actualizado hace 2 horas
GERENTE COMERCIAL (LATAM),Confidencial,"Panamá, Panamá",Híbrido,Actualizado hace 7 días
Jefe de Producción,Confidencial,"Parque Lefevre, Panamá",Presencial,Actualizado hace 5 días
Preparadores de Autos y Motos,Confidencial,"Ciudad De Panama, Panamá",Presencial,Actualizado hace 2 horas
Técnico de Mantenimiento,GRUPO DIT,"Panamá Pacífico, Panamá Oeste",Presencial,Actualizado hace 7 días
Diseñador/a Gráfico/a– Marca de Ropa Deportiva (Colón),Confidencial,"Colón, Colón",Híbrido,Actualizado hace 12 días
Asistente de back office,Ricardo Pérez,"Ciudad De Panama, Panamá",Presencial,Publicado hace más de 15 días
Recepcionista Bilingüe,Viajero Hostels,"Panamá, Panamá",Apto discapacidad,Actualizado hace 13 días
STS engineer,Grupo STT,"Ciudad De Panama, Panamá",Presencial,Actualizado hace 6 días
ASESOR COMERCIAL Y DE SERVICIOS - BANISTMO (Chiriquí),Banistmo,"David, Chiriquí",Presencial,Actualizado hace 6 días
Jefe de Recepcion,Viajero Hostels,"Panamá, Panamá",Presencial,Publicado hace más de 15 días
SALES MANAGER,Hotel La Compañia,"Panamá, Panamá",Presencial,Actualizado hace 9 horas
Coordinador de Mercadeo,Confidencial,"Ciudad De Panama, Panamá",Presencial,Actualizado hace 1 hora
Controlador de Carga,Confidencial,"Ciudad De Panama, Panamá",Presencial,Actualizado hace 12 días
BESS system engineer,Grupo STT,"Ciudad De Panama, Panamá",Presencial,Actualizado hace 6 días
CAJERO - AREA OESTE,Confidencial,"La Chorrera, Panamá Oeste",Presencial,Actualizado hace 7 días
Analista de Contabilidad,Confidencial,"Panamá, Panamá",Híbrido,Actualizado hace 9 días
Supervisor de Compras e Inventario,Confidencial,"Parque Lefevre, Panamá",Presencial,Actualizado hace 9 días
OPERADOR DE MONTACARGA REACH,Confidencial,"Arraiján, Panamá Oeste",Presencial,Actualizado hace 14 días
Vendedor de Campo/Rutero – Productos de Repostería y Empaques,Confidencial,"Juan Díaz, Panamá",Presencial,Actualizado hace 12 días
Vendedor de Oficina – Ventas Online y Atención al Cliente,Confidencial,"Juan Díaz, Panamá",Presencial,Actualizado hace 12 días
Supervisor de Producción,Confidencial,"Panama City, Panamá",Presencial,Actualizado hace 5 horas
Asesor de Crédito - Chorrera,Confidencial,"La Chorrera, Panamá Oeste",Presencial,Actualizado hace 14 días
Abogado Empresarial,Search Latinoamérica,"Ciudad De Panama, Panamá",Presencial,Actualizado hace 2 horas
Vendedor de calle - Panamá,"Bombas y Balineras, S.A.","Panamá, Panamá",Presencial,Actualizado hace 7 horas
CHOFER VENDEDOR (A),GRUPO MELO,"Panamá, Panamá",Presencial,Actualizado hace 13 días
INGENIERO EN REDES Y SISTEMAS TELECOMUNICACIONES,METROCOM,"San Miguelito, Panamá",Presencial,Actualizado hace 9 días
AYUDANTE GENERAL (COLÓN),Confidencial,"Colón, Colón",Presencial,Actualizado hace 2 horas
Atención al Cliente en Idioma Francés Nivel Avanzado,Manpower Panamá,"Ciudad De Panama, Panamá",Presencial,Actualizado hace 5 días
ASESORES DE SEGUROS,H&L ASOCIADOS,"Ciudad De Panama, Panamá",Presencial,Actualizado hace 9 días
Asesor(a) de Ventas Inmobiliario,Confidencial,"La Chorrera, Panamá Oeste",Presencial,Actualizado hace 8 días
Proyectista de diseño Civil (Ciudad David),Confidencial,"David, Chiriquí",Presencial,Actualizado hace 9 días
Pasante o Practicante de Contabilidad,Confidencial,"Juan Díaz, Panamá",Presencial,Actualizado hace 7 días
Vendedor de calle - David Chiriquí,"Bombas y Balineras, S.A.","David, Chiriquí",Presencial,Actualizado hace 13 días
Instalador Panamá,"Bombas y Balineras, S.A.","Panamá, Panamá",Presencial,Actualizado hace 7 horas
Supervisor de Área en Centro de Distribución,Empresa de Mercadeo y Distribución masiva,"Colón, Colón",Presencial,Actualizado hace 6 horas
VENDEDORES (DAVID-CHIRIQUI),DICARINA,"David, Chiriquí",Presencial,Actualizado hace 9 días
Asesor Inmobiliario,Confidencial,"Panamá, Panamá",Presencial,Publicado hace más de 15 días
VENDEDOR (DIVISA HERRERA),DICARINA,"Santiago, Veraguas",Presencial,Publicado hace más de 15 días
Jefe de Cocina (Chef de Cuisine),Lalos y La Herencia,"Ciudad De Panama, Panamá",Presencial,Actualizado hace 12 días
GERENTE TIENDA,Confidencial,"La Chorrera, Panamá Oeste",Presencial,Actualizado hace 7 días
Ingeniero Residente,"THOR Proyectos S,A.","Arraiján, Panamá Oeste",Presencial,Actualizado hace 8 días
Coordinador de Mercadeo Inmobilaria,Confidencial,"Panamá, Panamá",Presencial,Actualizado hace 12 días
CONDUCTOR EJECUTIVO,MILLENIUM SECURITY SERVICE S.A,"Panama City, Panamá",Presencial,Publicado hace más de 15 días
AGENTE DE SEGURIDAD BANCARIO,MILLENIUM SECURITY SERVICE S.A,"Panama City, Panamá",Presencial,Actualizado hace 5 días
Asesor Comercial - Tienda Mac Store,Grupo Davissa,"Ciudad De Panama, Panamá",Presencial,Actualizado hace 31 minutos
Supervisory Head Librarian,Instituto Smithsonian de Investigaciones Tropicale,"Ciudad De Panama, Panamá",Presencial,Publicado hace más de 15 días
Salonero / Mesero Bilingüe (Inglés),Selva Terra Island Resort,"David, Chiriquí",Presencial,Actualizado hace 13 días
Analista Contable,"Gabysol, S. A.","Ciudad De Panama, Panamá",Presencial,Actualizado hace 14 días
Estibador,PANAMA AIR CARGO TERMINAL INC,"24 De Diciembre, Panamá",Presencial,Actualizado hace 7 días
HANDYMAN,Grupo Los Pueblos,"Punta Chame, Panamá",Presencial,Publicado hace más de 15 días
ASISTENTE DE ADMINISTRACION (RECEPCIONISTA) LOS ANDES,Confidencial,"San Miguelito, Panamá",Presencial,Publicado hace más de 15 días
CAJERO - BRISAS DEL GOLF,Confidencial,"Tocume  Panama, Panamá",Presencial,Actualizado hace 14 días
ASESOR DE VENTAS DE PRODUCTOS CAPILARES RUTA PANAMÁ NORTE-COLÓN,Agencia y Mercadeo S.A.,"Panama City, Panamá",Presencial,Publicado hace más de 15 días
Asistente de Inventario Bodega,Confidencial,"Panamá, Panamá",Presencial,Actualizado hace 9 días
MECANICOS CON AMPLIA EXPERIENCIA Y CHAPISTEROS,Confidencial,"Panamá, Panamá",Presencial,Actualizado hace 13 días
PAQUETERO / TOWN CENTER-COSTA DEL ESTE.,Confidencial,"Panamá, Panamá",Presencial,Actualizado hace 6 horas
TÉCNICO MOTORIZADO DE BATERÍAS,Confidencial,"Panamá, Panamá",Presencial,Actualizado hace 4 días
AGENTE DE RELACIÓN- PENONOMÉ (TEMPORAL),Banco General,"Penonomé, Coclé",Presencial,Publicado hace más de 15 días
CONDUCTOR AYUDANTE,Confidencial,"24 De Diciembre, Panamá",Presencial,Publicado hace más de 15 días
EJECUTIVO DE VENTAS DIGITAL,TVN MEDIA,"Ciudad De Panama, Panamá",Presencial,Actualizado hace 12 días
Especialista de Tesorería - Ciudad de Panamá,Confidencial,"Ciudad De Panama, Panamá",Presencial,Actualizado hace 6 días
ANALISTA DE FINANZAS (DATOS),Banco General,"Ciudad De Panama, Panamá",Presencial,Publicado hace más de 15 días
ANALISTA DE FINANZAS (DATOS),Banco General,"Ciudad De Panama, Panamá",Presencial,Publicado hace más de 15 días
ASESOR DE VENTAS DE PRODUCTOS CAPILARES,Agencia y Mercadeo S.A.,"Chiriqui, Chiriquí",Presencial,Publicado hace más de 15 días
Supervisor de Jardinería,URBANO VIVERO,"Panama City, Panamá",Presencial,Actualizado hace 11 días
ELECTRONICO,Confidencial,"Aguadulce, Coclé",Presencial,Actualizado hace 5 días
Mecánico,PANAMA SEAFOOD GROUP,"Aguadulce, Coclé",Presencial,Actualizado hace 5 días
Department manager,Hola Moda,"Ciudad De Panama, Panamá",Presencial,Actualizado hace 7 días
SEGURIDAD - RIO ABAJO.,Confidencial,"Río Abajo, Panamá",Presencial,Actualizado hace 6 horas
Jefe de Riesgos,Empresa Panameña de Alimentos,"Juan Díaz, Panamá",Presencial,Publicado hace más de 15 días
Contador,Confidencial,"Ciudad De Panama, Panamá",Presencial,Actualizado hace 9 días
Analista de Datos,Confidencial,"Ciudad De Panama, Panamá",Presencial,Actualizado hace 8 días
Regente de Farmacia,Administración y Supervisión de Obras Civiles,"Ciudad De Panama, Panamá",Presencial,Actualizado hace 12 días
Mensajero motorizado - Moto Propia,Confidencial,"Ciudad De Panama, Panamá",Presencial,Actualizado hace 5 días
OFICIAL DE SEGURIDAD Y SALUD OCUPACIONAL,GRUPO MELO,"Panama City, Panamá",Presencial,Actualizado hace 6 días
